id,title,vote_average,vote_count,status,release_date,revenue,runtime,adult,backdrop_path,budget,homepage,imdb_id,original_language,original_title,overview,popularity,poster_path,tagline,genres,production_companies,production_countries,spoken_languages,keywords
804619,A Little Death,0.0,0,Released,1994-01-01,0,10,False,,14426,,tt0389114,en,A Little Death,The film explores spatial problems through character and camera choreography.,0.6,,,,James Wallace Productions,New Zealand,,
1419785,The Monongahala Mongoloid,0.0,0,Released,2002-01-01,0,9,False,,0,,,en,The Monongahala Mongoloid,A bloodthirsty teenage girl and her mentally disadvantaged mother terrorize a rural boardinghouse in Pennsylvania.,0.6,/2lsF1UOcIiXV7ippZyK6mLW3QE3.jpg,,,,United States of America,,
521494,Transformers: Titans Return,6.922,198,Released,2017-11-14,0,117,False,/y71J24BNl00V1CMJeFJEljKMk5i.jpg,0,https://www.youtube.com/channel/UCcMTZY1rFXO3Rj44D5VMyiw,tt7156718,en,Transformers: Titans Return,"After the Combiner Wars ended, Cybertron started to be rebuilt. However, an undead Starscream has been reincarnated as Trypticon, wreaking havoc around him. To combat this menace, Windblade gathers up a ragtag team of Transformers, including Optimus Prime and Megatron, to resurrect an ancient ally. And while some may be forever changed by the events, others may not emerge with their sparks intact.",5.556,/nP4nfW0E1cl1dAy6j8iKHsJRyQ2.jpg,,"Adventure, Science Fiction, Fantasy","Machinima, Inc., Hasbro Studios, Tatsunoko Production",United States of America,"English, German",transforming robot
1500350,Potępieniec,10.0,1,Released,2025-05-31,0,0,False,/jc4XdspYepnGZupqrrGGVcAeUKF.jpg,400,,,pl,Potępieniec,,0.0786,/ogf2lmFMCjcCEoaCyOip3yvkm7O.jpg,,"Comedy, Crime",Kwiatek Productions,Poland,Polish,"hell, revenge, murder, duel, devil, demon, journey"
834102,Agamemnon in New York,0.0,0,Released,1964-01-01,0,4,False,,0,,,en,Agamemnon in New York,"What started as a film test on new sync-sound film equipment quickly became a short film documenting the typical nuttiness behind the scenes at Goldsholl Design & Film Associates, a Chicago-based design firm that employed both Wayne Boyer and Larry Janiak. Janiak ad libs alone, as no one else would come out from the behind the camera. Shot by Boyer and edited by Janiak, a home movie.",0.6,/9pFBnTsOakn7ONNRtVwsdRuT23V.jpg,,,,,,
1043697,To The World With You,0.0,0,Released,2022-11-11,0,0,False,/3EDWYHKRWLxC642JqaZLsPx8bli.jpg,0,,,zh,陪你在全世界长大,,0.6,/y78knerZcvOdnqfIxDRkO8dlssu.jpg,,Documentary,,,Mandarin,
451142,Zombrex: Dead Rising Sun,3.5,2,Released,2010-04-07,0,90,False,,0,,tt1816082,ja,Zombrex: Dead Rising Sun,"Two brothers, wheelchair-bound George and Shin,  break into a warehouse to escape zombies. They are beaten by thugs and a nurse rescues one brother but they are both bitten by zombies...they must find a cure in time to prevent themselves from becoming zombies.",0.6,/f0snl3ZswHBnTebcDeXAI8rgcWz.jpg,,Horror,,Japan,Japanese,
1110606,John Schofield Live In 3 Ways,0.0,0,Released,2005-04-06,0,55,False,/rp6JFlFV4uFKgagA4ihBKO8vOxs.jpg,0,,,en,John Schofield Live In 3 Ways,"Arguably the best of the bunch is John Scofield's Live 3 Ways, which finds the guitarist in three different contexts: a trio with Don Pullen on organ and Marvin ""Smitty Smith on drums; a duo with pianist Dr. John; and his touring quartet of the time, featuring saxophonist Joe Lovano, bassist Anthony Cox and drummer John Reilly. The only shame about the DVD is that it is so short — at only 50 minutes, with 13 given to the trio, 9 to the duo and the remaining 28 to the quartet. Still, with performances this strong we should be thankful for what we get.",0.6,/f3yPL5RxZEUD4O0LqwZa0FtHR5z.jpg,,,,,,
780392,Flush,6.0,1,Released,2020-11-21,0,3,False,/7ONxno1w5TMVtOt5u32XeKv8Ung.jpg,0,,tt13713346,en,Flush,A subdued worker serves a swollen man bound in an endless cycle of simultaneous consumption and defecation. A series of unprecedented events follow after the worker is forcibly laid off.,0.637,/5Z3tw9OTzGj1odX8GP9ejWAIgtO.jpg,,Animation,University of the Philippines Film Institute,Philippines,No Language,
376583,Kikaninchen - Sag Hallo zu den Jahreszeiten,8.0,1,Released,2014-08-28,0,0,False,,0,,,de,Kikaninchen - Sag Hallo zu den Jahreszeiten,,0.6,,,Family,Universal Vertrieb,Germany,German,
530366,Many Loves One Heart,0.0,0,Released,2018-06-22,0,18,False,,0,,tt7642118,en,Many Loves One Heart,LGBTQ activism in Jamaica and the struggle for human rights.,0.6,/nlRUxhwKUCFcxE7Co19YSHIfbeK.jpg,,Documentary,,"Jamaica, United States of America",,
1169401,Spiegel,0.0,0,Released,2023-09-23,0,25,False,/mpYMhpQ7I1VMDsymm7m8Qwvs13N.jpg,0,,,nl,Spiegel,"Horses mirror our non-verbal behaviour, which makes them perfectly suited as 'mirrors' in therapeutic sessions. In this short documentary, director Eva Sjerps shows from up close, focusing on the senses, what these sessions with youngsters look like. How do horses react to the children? And what does the horses’ reaction do to the adolescents? During these interactions, the horses mirror the behaviour of young people who contend with various problems. In the process, they are able to recognise their underlying feelings and behavioural patterns and can subsequently change them.",2.987,,,Documentary,Interakt Productions,Netherlands,Dutch,
307120,Arabian Nights,5.7,3,Released,2007-11-16,0,110,False,,0,,tt0920466,fr,Nuits d'Arabie,"Georges's life is turned upside-down when he meets Yamina and decides to help her. While she seems to be persecuted and living in hiding, Georges's reality is rooted in a daily routine without any surprises. Yamina's stories fascinate him: her happy childhood under the rhythm of a song, the massacres in the 1990s in the Great South, as well as her difficulties in Algeria and then in France. Georges spends more and more time with Yamina and is totally disorientated the day she disappears without a word. As his search for her unfolds, Georges realizes that he knows nothing about her and that every person he meets who knew Yamina seems to have a different version of the young woman's life. Convinced that he must go to Algiers to save her, Georges abandons everything and sets out on a journey without any concrete destination. His quest finally leads him to an oasis in the Sahara, a desert that spreads as widely as this love story between Bonnevoie and Tabelbala.",0.682,/z70Xw08gJoG7kaTKKIkNg4i9ztE.jpg,,Drama,,Luxembourg,"Arabic, French, Letzeburgesch",
272135,Chaochow Guy,6.0,1,Released,1972-04-02,0,94,False,/3CvSQYcgQvODDDR7bJgofxz1dxP.jpg,0,,tt0346725,zh,潮州大兄,,0.6,/iKQwamTodj3P6CQCaJDHh3a9UWq.jpg,,Action,Filmline Enterprises,Taiwan,,
886482,逐梦时代,0.0,0,Released,2019-06-22,0,0,False,/dGbFTaQoqRjG2p1uMtD4TzFUxE4.jpg,0,,,zh,逐梦时代,,0.6,/9WgDb5edVmcbgurGIvCmJWl0OZq.jpg,,Comedy,,China,Mandarin,
362662,The Aphis,0.0,0,Released,1930-12-31,0,0,False,,0,,,en,The Aphis,"Part of BFI collection ""Secrets of Nature.""",0.6,,,,,,,
1300481,Pasithea's Bloom,0.0,0,Released,,0,0,False,,0,,,en,Pasithea's Bloom,,0.0,,,,,,,
472503,The Count of Maravillas,4.5,2,Released,1927-03-14,0,0,False,,0,,tt0017771,es,El conde de Maravillas,,0.651,,,"History, Drama",Ediciones Forns-Buchs,Spain,No Language,"based on novel or book, silent film, 18th century"
1282833,Free the Chickens,0.0,0,In Production,2024-06-09,0,15,False,,0,,,en,Free the Chickens,"A chicken rescue mission gone wrong leads the activists into a dangerous wilderness where they experience situations that lead to new insights such as, nature is not a safe place for animals.",0.761,,,Animation,,"Czech Republic, Slovakia",English,
25622,Demon Pond,6.2,4,Released,2005-05-25,0,130,False,,0,,tt1213576,ja,夜叉ヶ池,"The modern-day story of a man searching for a friend who has mysteriously disappeared, with a magical tale involving strange creatures, a heartbroken princess, and a pact that can't be broken. Conflicts between faith and skepticism, and between social obligation and personal desire drive the narrative toward a dramatic conclusion where the worlds of the real and the surreal inevitabl",1.818,,,"Fantasy, Science Fiction",,Japan,Japanese,
251998,Glimpses of Java and Ceylon,0.0,0,Released,1937-03-06,0,9,False,,0,,tt1213584,en,Glimpses of Java and Ceylon,"A visit to the island of Java when it was part of the Dutch East Indies, and Sri Lanka when it was still called Ceylon.",0.6,/4VbKuBKCT9hJE5KG7hKNT752G6o.jpg,,,,,English,
269062,La difficulté d'être infidèle,5.0,4,Released,1964-05-15,0,0,False,,0,,tt0225512,fr,La difficulté d'être infidèle,,1.237,/1g7dTQrNsnqsq2qdYmRDiCqwFtv.jpg,,Comedy,"Les Films de la Pléiade, Les Films Marceau-Cocinor, Mercurfilm","France, Italy",French,
1131094,Sexkriese im Orient 1.Teil,0.0,0,Released,1986-01-01,0,0,True,,0,,,de,Sexkriese im Orient 1.Teil,,0.0,/w1TxGu1sVvdqn5oJmC7pjGYcXH1.jpg,,"Animation, Comedy",,,,
1112271,"Moi, Isabelle Huppert",0.0,0,Released,2023-06-10,0,26,False,,0,,,fr,"Moi, Isabelle Huppert",,0.84,/eT5ptdX9qh5WT3nqcZY5Cnvlx20.jpg,,,,,,
1182068,Mike Portnoy: Kaleidodrums,0.0,0,Released,2014-01-01,0,0,False,,0,,,en,Mike Portnoy: Kaleidodrums,"Mike Portnoy's Drum Cam footage from Transatlantic's Kaleidoscope recording sessions  INTO THE BLUE  SHINE  BLACK AS THE SKY  KALEIDOSCOPE  -- Also includes Behind The Scenes footage as well as a Bonus Track  -- 3 Audio Options include: Full Band Mix, Isolated Drum & MP Vox and Headphone Combo Mix",0.6,/z2lyCa8TL0dOdogkFg3VWLNetZf.jpg,,,,,,
1443870,Diamonds,0.0,0,Released,2000-12-20,0,2,False,,0,,,en,Diamonds,"In an exploration of celebrity, privacy and surveillance, Nick Knight, supermodel Kate Moss and artist Sarah Morris collaborated on a voyeuristic fashion film.",0.0,/uT1N0AvWqTK6spRolImzDiamOBI.jpg,,Drama,,,,
911227,Bang! I Want You,0.0,0,Released,1989-01-01,0,80,False,,0,,tt6639992,it,Bang! I Want You,A young woman becomes the victim of extortion.,0.6,/AsvgcdCc0o91gvNZBFG4iQHynZB.jpg,,,,,Italian,
855116,Nejlepší tip,0.0,0,Released,1951-12-28,0,0,False,,0,,tt0247571,cs,Nejlepší tip,,0.603,,,"Documentary, Comedy",Československý státní film,Czechoslovakia,Czech,sports
1267979,Bright As a Feather,0.0,0,Released,2024-03-31,0,8,False,,200,http://www.laketerre.com,,en,Bright As a Feather,"Coast, a 17-year-old transman, navigates the maze of his traditional Christian mother and his relationship after he comes out as female-to-male or ""FTM"" transgender. Feeling trapped in suffocating suburbia, Coast finds acceptance from an unexpected source when he can't find it at home.",1.96,/7nj6rydyyF1cKfISHmWp1kdCun5.jpg,He isn't facing anything alone.,Drama,,,English,
491066,Bing Crosby's Merrie Olde Christmas,7.0,2,Released,1977-11-30,0,60,False,,0,,tt1327703,en,Bing Crosby's Merrie Olde Christmas,Bing Crosby and his family spend Christmas at the estate of a distant relative in England.,0.719,/nWPljj0s18p1IHKntwAD0SaAD3u.jpg,,"Music, Family, Comedy",Bing Crosby Productions,United States of America,English,"holiday, christmas, tv special"
504193,Berlioz: Les Troyens,0.0,0,Released,2013-01-05,0,260,False,/DMYTgjAS7GijQep6ELk4sE6gdY.jpg,0,http://www.metopera.org/Season/On-Demand/opera/?upc=811357016251,tt2661764,en,Berlioz: Les Troyens,"Berlioz’s epic masterpiece retells the magnificent saga of the aftermath of the Trojan War and the exploits of Aeneas. Rising tenor Bryan Hymel, in his Met debut, stars as the hero charged by the gods with the founding of the city of Rome. Susan Graham is Dido, Queen of Carthage, who becomes Aeneas’s lover, and Deborah Voigt sings Cassandra, the Trojan princess whose warnings about the impending destruction of Troy go unheeded. Francesca Zambello’s atmospheric production, featuring choreography by Doug Varone, is led by Met Principal Conductor Fabio Luisi.",0.634,/bLRXseElXUf6B7OpzERehqt7Zj3.jpg,,"Music, Drama",The Metropolitan Opera,United States of America,French,"opera live performance, the metropolitan opera"
1393892,The Greatest All-Star Advertial of All Time,0.0,0,Released,,0,2,False,,0,,tt34751431,en,The Greatest All-Star Advertial of All Time,"This madcap comic short features (incredibly) Charlton Heston, Michael Redgrave and a young Peter O'Toole.",0.6,,"English, Short",,,,,
1092612,Silnější než já,4.0,1,Released,1991-01-16,0,0,False,,0,,tt0304710,cs,Silnější než já,,0.6,,,Crime,Lucernafilm – Beta,Czechoslovakia,Czech,
95397,No Plans for the Weekend,0.0,0,Released,2009-04-29,0,22,False,,9000,,tt1434437,en,No Plans for the Weekend,"There are two Hollywoods: One brings laughter &amp; entertainment to millions, the other is the site of endless toil in service of the industry. ""No Plans for the Weekend"" is the story of Bud, a lovable socially challenged newbie to Hollywood who, though out of his league in many ways, is driven to realize his dream of creating ""tight"" music videos. Working in the heart of L.A.'s music video industry Bud is in awe, not only by the glitz and glamor but also by the outrageous personalities he works for and with at Music Video Productions. At Music Video Productions, a.k.a. MVP, Bud is going to learn what it takes to succeed in La-La-Land.",0.84,,Bud better be smarter than he looks.,Comedy,,,,
895192,Desired Child,0.0,0,Released,2021-11-20,0,30,False,,0,,,lv,Desired Child,"My sister died several years before I was born. I only know her from old family photos and visits to her grave. Nevertheless, she was a present part of my life. I fantasized about her and was convinced I was her reincarnation. I thought a lot about whether I would meet the same fate as her - a death at a young age from a brain tumor. My film tells what my sister meant to me, my brothers and my parents, and what her death triggered in us.",0.6,,,Documentary,,,,
616980,Window Boy Would Also Like to Have a Submarine,6.0,3,Released,2020-12-10,0,85,False,/cnztVsSc7rvADqRXQW0lHNG3nG7.jpg,0,,tt2456492,es,Chico ventana también quisiera tener un submarino,"Aboard a cruise ship out at sea, a young sailor discovers a door mysteriously leading to an apartment in Montevideo. Meanwhile, a group of Asian farmers find an abandoned shed in the valley, attributing it supernatural powers.",0.6,/5rwPT2L6abB1lZzzCRDXZdfcRTO.jpg,,"Comedy, Fantasy, Drama","La Pobladora Cine, Pelícano Cine, Desvia, BALDR","Argentina, Brazil, Netherlands, Philippines, Uruguay","Spanish, Tagalog",
599432,There Are No Children Here,1.0,1,Released,1993-11-28,0,120,False,,0,,tt0108319,en,There Are No Children Here,"From Publishers Weekly The devastating story of brothers Lafayette and Pharoah Rivers, children of the Chicago ghetto, is powerfully told here by Kotlowitz, a Wall Street Journal reporter who first met the boys in 1985 when they were 10 and seven, respectively. Their family includes a mother, a frequently absent father, an older brother and younger triplets. We witness the horrors of growing up in an ill-maintained housing project tyrannized by drug gangs and where murders and shootings frequently occur.",1.777,/cEAmhvykNsx84x4Z4ILT0BcZzle.jpg,,"Drama, TV Movie",LOMO Productions,United States of America,English,ghetto
1330983,9分钟盘点《大发系统最新平台》,0.0,0,Released,,0,0,False,,0,,,zh,9分钟盘点《大发系统最新平台》,,0.0,,,,,,,
1333616,科普博文；网赌长期盈利的方法2024更新,0.0,0,Released,,0,0,False,,0,,,zh,科普博文；网赌长期盈利的方法2024更新,,0.0,,,,,,,
1014644,I Am What I Am,7.7,3,Released,2022-12-16,0,104,False,/saTATdOemwH0RkHf3vdqABpZ0vp.jpg,0,https://notheroinemovies.com/sobakasu/,tt23647266,ja,そばかす,"Thirty-year-old Kasumi Sobata (Toko Miura) has never had any feelings for anyone and does not know what romantic love is. After failing in her aspired career in music, she returns home to work at a call center, where she is busy with her daily duties. With her younger sister married and pregnant, and her mother pressuring her to get married, her mother sets up a blind date without her permission. Reluctantly, she heads to the blind date, but there she meets a man who wants to establish a relationship with her as a friend rather than marriage.",2.615,/lSM2JRKATuNnV5cYDYG1X1WmbMN.jpg,,Drama,"Rabbit House, (not) HEROINE movies, Nagoya Broadcasting Network, DUB",Japan,Japanese,"cellist, asexuality, love supremacism, aromantic asexual"
1129322,Cloudy with a chance of meatballs (the adaptation),0.0,0,Released,2023-05-20,0,4,False,,0,,,en,Cloudy with a chance of meatballs (the adaptation),Witness the disaster of the FLDSMDFR a disaster that has a certain kind of flavour a flavour that yes is sweet but will lead to humanity’s defeat. A disaster movie adaptation of the 2009 movie Cloudy with a chance of meatballs.,0.6,/AgMtjLufaFKgQGeTTzpvzxYwNcE.jpg,,Family,,,,
1297803,Eight Glorious Years of Nepali People's War,0.0,0,Released,,0,182,False,,0,,,en,Eight Glorious Years of Nepali People's War,A documentary about the Nepali Civil War,0.6,,,,,,,
1245574,A Photograher Who Clicks Blur Photographs,10.0,1,Released,,200,65,False,,5000,,,en,A Photograher Who Clicks Blur Photographs,"The film follows the story of a successful photographer who begins to lose his eyesight due to glaucoma. As his condition deteriorates, he struggles to come to terms with the loss of his profession and passion. The film explores themes of loss, adaptation, and the relationship between art and the artist. Along the way, the photographer learns to see the world in a new and different way, ultimately finding new ways to create and appreciate art. The film is a powerful and emotional story of one man's journey to come to terms with a life-changing condition.",0.0,/rywf8bqL0jRoPQDqFjcyAVHAsZ1.jpg,who clicks blur pictures,Drama,"The Burning Records Productions, Mid Night Diary",,"English, Hindi","photographer, photograph, guerilla filmmaking, photo journalist, glaucoma"
254532,The Little Cotton Girl,3.3,3,Released,2002-01-01,0,8,False,,0,,tt2015269,pt,A Menina do Algodão,The urban legend of 'cotton girl'. The dead girl appeared in the bathrooms of schools to terrorize children.,0.6,/wixIaUeYIHUPlowOgJIHVWplxrR.jpg,,"Horror, Fantasy",,Brazil,Portuguese,
440958,The Cliff,0.0,0,Released,2016-11-23,0,87,False,,0,,tt4575982,en,The Cliff,"""The Cliff"" is an American crime drama that takes place in the pulsing streets of Dallas'. Undercover police officer Russell Barnes, faces a new challenge of bringing down high profiled drug dealing music executive Daemon Miller. ""The Cliff"" takes you on a thrilling ride of crime and action as the two very different worlds of Barnes and Miller collide. ""The Cliff"" is their state of mind!",0.6,,,"Crime, Drama",,,,
581816,Barney: Just Imagine,0.0,0,Released,2005-05-03,0,37,False,,0,,tt9242548,en,Barney: Just Imagine,"Get ready to laugh and learn as Barney and his friends take a tee-riffic trip and learn about four-wheeled ways to get around! From fire trucks to dump trucks to bumping up and down in a little red wagon, you can travel anywhere and build anything when you use your imagination. Join the dinos and their friends as they watch vehicles on a real construction site and are inspired to build a castle from boxes on this fun-filled afternoon. Come join the fun, just use your imagination!",0.6,/vXEhK0PcqZ2UnFHlVKMCPKejvEt.jpg,,Family,,,,
1501268,Postcard from Croatia to Alita,0.0,0,Released,2025-06-20,0,4,False,/zMlSmL6NGBYRgQb7KKSJMA6siqC.jpg,12,,,xx,Postal de Croacia para Alita,"In the early summer of 2025, I traveled to Croatia for the 33rd Croatian One-Minute Film Festival to present a short film. So I took a camera with me to shoot shots of Velika Gorica, Požega and Zagreb.  With the material obtained I put together this film-postcard without sound for Alita, very inspired by Teo Hernandez and Tomonari Nishikawa.",0.0143,/nrGoJDAqYBNdOr5yoBGKJ51IwnO.jpg,,Documentary,,"Spain, Croatia",No Language,experimental
269210,Dragon Gate King of Gate 2014 Day 1,0.0,0,Released,2014-05-09,0,180,False,,0,,,en,Dragon Gate King of Gate 2014 Day 1,"Day 1 of Dragon Gate's 2014 King of Gate tournament is scheduled to take place on May 9, 2014, in Utsunomiya, Tochigi, at the Korakuen Hall, and will air on internet Pay-Per-View. The event will feature eight matches (including one dark match), four of which will be tournament matches.",0.6,,,,,,,
594649,Love her doze,0.0,0,Released,,0,0,False,,0,,,fr,Love her doze,,0.6,,,Drama,,France,,
533729,The Life Tests Us,0.0,0,Released,1972-02-17,0,75,False,,0,,,az,Həyat Bizi Sınayır,"After the novel of the same name of Vidadi Babanli. Rashid, a young man, fails the entrance exam to the Institute and started to live by independent life, about people round him.",0.84,,,"Drama, Romance",Azerbaijanfilm,Soviet Union,"Azerbaijani, Russian",
1536190,Fresh Faces 2,0.0,0,Released,2023-04-26,0,119,True,/sJkw7w2k0rXchjf1QdPGV53YArm.jpg,0,,,en,Fresh Faces 2,It's always a joy to see new girls and especially when they're as beautiful and horny as in this Fresh Faces movie. Sweethearts has found 8 new talents who all show their best and horniest side. Are you watching with us?,0.0,/hgBauMQeurfxQpjmftgzweQnL9z.jpg,,,"Sweethearts, Club Sweethearts",,,
1029791,MY LIFE AGAINST TAIWAN SOTOKUFU --1891-1931,0.0,0,Released,,0,54,False,,0,https://www.cathayplay.com/my-life-against-taiwan-sotokufu-1891-1931,,en,总督府风暴：台湾第一反蒋渭水,"“My Life Against Taiwan Sotofuku – 1891~1931” is Taiwan’s first biographical animated documentary. The film combines animation, archival photos, footage, and sound theater to recreate the heroic epic of CHIANG Wei-shui, the “the Savior of Taiwanese People,” during Japan’s colonial rule of Taiwan. Through first-person flashback narrations, Taiwan’s pioneer revolutionary CHIANG Wei-shui tells the turbulent tale of the rise and fall of Taiwan’s non-violent anti-Japanese movements, as well as a lifetime of remarkable resistance against Taiwan Sotofuku (Japan’s colonial government).  Cast",0.6,/zrcsYEMn9zda26qKuh07dbbCznN.jpg,,,,,,
966288,Tom Jones and Beverley Knight’s Gospel Christmas,0.0,0,Released,2017-12-22,0,59,False,,0,https://www.bbc.co.uk/programmes/b09jld6x,,en,Tom Jones and Beverley Knight’s Gospel Christmas,"Gospel Christmas returns from the heart of Cardiff to celebrate a special evening of music and spiritual cheer with Sir Tom Jones and Beverley Knight. The blend of traditional gospel, carols and songs of spiritual intent from modern greats like Prince and Bob Dylan are performed by choirs and a house band from the British gospel scene, and will add up to the freshest of winter warmers.",0.6,/5WB6JyzrydTJplyvxiqhkPUviaX.jpg,"Sir Tom Jones and Beverley Knight present a special evening of music and spiritual cheer, featuring performances from choirs and a house band from the British gospel scene.",,,,,
68892,Sex & Violence,5.7,17,Released,1997-01-01,0,8,False,/wwbQhkezv7NjfEtovOPd8FFEJMM.jpg,0,,tt0142833,en,Sex & Violence,"In eight minutes, animator Bill Plympton gives us 24 vignettes: seven are clearly about sex, 10 about violence, and seven others deal with human frailties, particularly the body as it ages. There are three stories of persons with confused priorities (including a guy tying his shoe while parachuting); the world's first phone sex; and a clever, if dangerous, way to find a lost key. Except for the titles of each sketch and a couple of jokes that turn on noise, these are visual trips into the psyche of men, women, God, animals, and Time (the enemy of us all).",1.153,/gXbiOgCkOXNdnDz9KFqYyWSXZ55.jpg,,"Animation, Comedy",,United States of America,English,
473958,Alien: Covenant - Prologue: Meet Walter,6.272,46,Released,2017-03-10,0,3,False,/yGOuRR54BMmyIBxHYncMbFOSX14.jpg,0,,tt6971180,en,Alien: Covenant - Prologue: Meet Walter,"Introducing Walter, the latest synthetic by Weyland-Yutani. Created to serve. Intelligence powered by AMD, Ryzen and Radeon.",7.598,/1KczZUGvZWzzC0r0sKDUH0ZPYHl.jpg,Walter. The world's most advanced synthetic companion.,Science Fiction,"RSA Films, 20th Century Fox, 3AM",United States of America,English,"android, short film"
1469051,A Shaver Among Us,0.0,0,Released,,0,0,True,,0,,tt0163224,en,A Shaver Among Us,Kiss and other porn stars shave their private areas.,0.0,/xneJx2BmLtXQb72WMg9xrRbwP6T.jpg,,,,,,
349527,미란다,0.0,0,Released,1995-04-01,0,0,False,,0,,,ko,미란다,,0.84,,,,,,Korean,
1429610,ecos do campus,0.0,0,Released,,0,0,False,,0,,,pt,ecos do campus,,0.65,,,Documentary,,,Portuguese,
500628,Bir Hizmetçi Kızın Hatıra Defteri,0.0,0,Released,1963-01-24,0,0,False,,0,,tt0386331,tr,Bir Hizmetçi Kızın Hatıra Defteri,,0.627,/902jjVwp2FBp2bDlisg0glTPIwT.jpg,,"Romance, Drama",Acar Film,Turkey,Turkish,
494402,Abhaya,0.0,0,Released,2017-06-11,0,0,False,,0,,,or,Abhaya,"After a minister kills three college students, a commoner decides to seek justice for them. In order to do so, he kidnaps the minister's brother and comes up with a plan.",0.6,,,,,,,
1502075,L'État de bonheur... permanent,0.0,0,Released,,0,0,False,,0,,,en,L'État de bonheur... permanent,,0.0,,,,,,,
143093,Klucht - Drie in de Pan,0.0,0,Released,,0,0,False,,0,,,nl,Klucht - Drie in de Pan,,0.6,,,,,,,
816051,El puma de oro,5.0,1,Released,2001-12-31,0,0,False,,0,,tt1135052,es,El puma de oro,,0.6,,,,,,,
146328,"Love, Lust & Lies",0.0,0,Released,2010-01-26,0,87,False,,0,,tt1598106,en,"Love, Lust & Lies","The fifth film in the documentary series about the lives, hopes and dreams of three lively, working class Adelaide girls since they were fourteen in 1976.",0.6,/573MJFTX7NXde3nCWth0oKm4BtN.jpg,Every family has its secrets,Documentary,,Australia,,woman director
1335079,分享大发最稳计划回血带赚,0.0,0,Released,,0,0,False,,0,,,zh,分享大发最稳计划回血带赚,,0.0,,,,,,,
254096,Son of Torum,0.0,0,Released,1989-02-05,0,60,False,,0,,,et,Toorumi Pojad,"In the same vein as Meri's other documentations, this one takes advantage of the glasnost policy to  discuss the social and ecologic impact of the Russian oil industry on the natives and the lands they inhabit.",0.804,,,Documentary,"Eesti Telefilm, YLE, ÖWF - Österreichisches Institut für den wissenschaftlichen Film, Estonian Public Broadcasting (ERR)",Soviet Union,Estonian,"dance, sacrifice, ritual, mythology, tribe, community, anthropology, bear, architecture, environment, folklore, folk, petrol exploitation, estonia, indigenous peoples, ethnography"
259586,Caleuche: The Call of the Sea,4.0,5,Released,2012-11-08,0,100,False,,0,,tt0433533,es,Caleuche: El llamado del mar,"A young woman who suffers a strange disease must travel to a mysterious island in South America, where myths and reality are one and the same.",1.218,/dmtKjEUzux8soRahIycHk8CT55H.jpg,,"Horror, Fantasy, Drama",,,Spanish,
298236,Il delitto di Via Poma,5.5,4,Released,2011-12-06,0,100,False,/dh5oL2cVaKayYuWNft7n6h9hZTQ.jpg,0,,tt2364116,it,Il delitto di Via Poma,"Rome, August 7, 1990. 20-year-old Simonetta Cesaroni is killed with 29 stab wounds in her workplace in broad daylight.",1.494,/A04gbWNZfSuUBdKgKFk3wAR1JMn.jpg,,"TV Movie, Crime","RTI - Reti Televisive Italiane, Taodue Film",Italy,Italian,true crime
1352992,Straight on Till Morning,0.0,0,Released,,0,0,False,,0,,tt8165076,en,Straight on Till Morning,"Dani and Kaitlin are two dreamers falling for each other on a romantic roadtrip. The world is theirs -- until they cross paths with a family that has something much, much darker in mind. Be afraid.",0.0,/7OuOYfJg7avyeyIfq700ptRKIK6.jpg,,,,,,
416891,Aedes,0.0,0,Released,2011-01-02,0,3,False,,0,,,es,Aedes,"Cyclic animation that explores the relationship between various small objects: a syringe needle, a bullet, and money. Violence, drug dependance and ambition are as transmissible as a disease on a mosquito bite.",0.6,,,Animation,,Puerto Rico,Spanish,
1129583,ケンジトシ,0.0,0,Released,2023-02-07,0,0,False,/kmPB9Gu1voWfhs11ie4bDF70Ckq.jpg,0,,,ja,ケンジトシ,,0.6,/uuoKLbMJPwHtOhZEB0chBJGF4mI.jpg,,,,,,
801564,Чудотворец,0.0,0,Released,1922-08-29,0,45,False,,0,,tt0013393,ru,Чудотворец,,0.926,/uMdYpob4CxQLiapkBa26FAbl2Sb.jpg,,Drama,Lenfilm,Soviet Union,No Language,"black and white, silent film"
651637,Rock and Cliff: The Geological Surface of Horn Town,0.0,0,Released,2019-12-02,0,47,False,,0,https://www.cathayplay.com/rock-and-cliff-the-geological-surface-of-horn-town,,zh,碛石与危岩：羊角镇的地表现实,"Video essay ‘Rock and Cliff' investigates the creation of Horn Town, a new model village and centre of large scale tourist development, and the experiences of rural residents moved there through government-led displacement. Horn Town is located in Wulong, a rural district near the Three Gorges Dam administered by the Chongqing municipality (a city of 30 million people). Narrated in the style of a science documentary but using local Chongqing dialect, the video brings a geological and topographical perspective to types of 'rocks' found in the area,from mythological stones from a mountain cliff, to ruins of the original settlement, to a stone sculpture from a dubious 'Land Art Biennial', in order to address issues of land acquisition, top-down development and spatial politic.",0.6,/hBdh02ZKxpGIPK57vpIK7v0wOXj.jpg,,Documentary,,China,Mandarin,"avant-garde, essay film"
711586,Adventício,0.0,0,Released,2020-01-01,0,0,False,,0,,,en,Adventício,Gil is not alone during social isolation. A stranger came from heaven to take care of him.,0.6,/mYKAH4SxzfGQxtwDNmHFX0Rvzaq.jpg,,,,,,
1115244,Norioka Workshop,0.0,0,Released,2022-05-27,0,30,False,,0,,tt28393437,ja,ノリオカワークショップ,"The story set in the ""house"" designed by director Ishii is an unpredictable development with tricks drawn into the unique Ishii world everywhere",0.878,/oXFtsCcFRR37zRPSUWyC0xsRQSW.jpg,,Comedy,TFC,Japan,Japanese,
994357,Churchills Verrat an Polen,0.0,0,Released,,0,52,False,,0,,tt1961233,de,Churchills Verrat an Polen,,0.6,,,,,,German,
211062,Trans-Action,4.2,2,Released,2010-01-01,0,72,False,,0,,,pl,Trans-akcja,"Trans-Action tells the story of an extraordinary woman. Anna Grodzka who in 2011 became the first transgender person in the Polish government, and the third transgender member of government in world history, was born in the male body and decided to finally begin her life as a woman only in her 50s. The film documents the most important chapters in this intimate process of transformation. We observe Anna in her daily activities in Warsaw, we witness her intimate conversations with her son and closest friends.",0.942,,,Documentary,,Poland,Polish,"transsexuality, poland, lgbt"
673030,The Private Life of Cristina Bella,0.0,0,Released,2004-12-31,0,101,True,,0,,tt0458909,en,The Private Life of Cristina Bella,"Dark hair, blue eyes, and a gorgeous body are Cristina Bella's sexual weapons and they are aimed at you! When you see her in action you'll realize how this beautiful babes turns into a sex bomb, making your balls explode with pleasure",0.6,/bqvuH5SiHJtD2DRvEaRzz1Rk4DD.jpg,,,Private,United States of America,English,
896977,Teach You a Lesson,0.0,0,Released,2000-07-01,0,15,False,,0,,tt1792811,en,Teach You a Lesson,"In this alarming early short from Gregory King a 13-year-old boy's shoplifting escapade is narrated brilliantly by actress Madeleine Sami who performs the teenage boy incarnation of the Adult Man whose account of domestic abuse this is, while adult actors play the kids in the remembered story. What starts out as teen shenanigans (a porn stash is accrued with the five-finger discount) turns unsettling as a beating is doled out by Dad as punishment. The contrast between the naive voice and what is seen on screen - shot in hand-held close ups - is something unforgettable.",0.6,,,,,,,
1131934,Czech Hunter 30,0.0,0,Released,2023-04-23,0,104,True,,0,,,de,Czech Hunter 30,"Czech Hunter presents Czech Hunter 30 including CH 543, CH 533, and CH 471.",0.0,/i5dLxTJnxHoxJXND9cfIK3ple5Z.jpg,,,Czech Hunter,Czech Republic,Czech,
780252,Penny's Picnic,0.0,0,Released,1938-12-17,0,10,False,,0,,tt0030570,en,Penny's Picnic,1938 short film starring Prudence Penny.,0.84,,,,Metro-Goldwyn-Mayer,United States of America,English,
1344054,【科普】星力摇钱树九代,0.0,0,Released,,0,0,False,,0,,,zh,【科普】星力摇钱树九代,,0.6,,,,,,,
322702,Anastacia: The Video Collection,4.0,1,Released,2002-12-02,0,90,False,,0,http://anastacia.com,,en,Anastacia: The Video Collection,"Anastacia - The Video Collection movie was released Feb 24, 2004 by the Sony Music studio. One of the most popular solo-artists in Europe, Anastacia has won numerous awards for her talents, including the Best Female Pop prize at the 2001 MTV Europe Music awards. Anastacia - The Video Collection movie Her second album, ""Freak of Nature"" has sold more than 4 million copies worldwide, and she is poised to break her homeland of America for the first time. Anastacia - The Video Collection video Collecting videos from Anastacia's first two albums, this collection includes ""I'm Outta Love,"" ""Paid My Dues,"" ""Not That Kind"" and many more!",0.781,/jweMZ2ZuNPn4sSqvzRO6xmoooFd.jpg,,Music,,,English,"dance, pop, music video, pop rock"
547255,Shelter: Human Stories from Central America,0.0,0,Released,,0,14,False,,0,http://mkf.tv/Shelter,,en,Shelter: Human Stories from Central America,A quiet look at the lives on the line. First-hand stories from Central America migrants and asylum seekers searching for a better life in the north.,0.6,,,Documentary,Firpo Industries,Mexico,,
1220503,Santh Wahate Krishna Mai,0.0,0,Released,1967-07-01,0,0,False,,0,,tt8482096,mr,संथ वाहते कृष्णा माई,"Directed by Madhukar Pathak. With Kamini Kadam, Chandrakant Mandhre, Raja Paranjpe, Arun Sarnaik.",0.0,,,,,,Marathi,
1360352,MININVASION,0.0,0,Released,2024-09-22,10,3,False,/4TL3lzKanHyEqQMQIgKQlxeeYmt.jpg,10,,,en,MININVASION,A gigantic green monster devours everything in sight and causes the miniapocalypse.,1.4,/slB0s8ycVgMNIeCc86Bh56B3WlP.jpg,MINIAPOCALYPSE NOW,"Animation, Action, Comedy, Adventure",SantiFilms,Guatemala,English,"invasion, monster movie"
178592,Tiger & Bunny: The Beginning,6.533,15,Released,2012-09-22,0,88,False,/gzBVylQP2AbjacSj1oHeZR08u2g.jpg,0,http://www.tigerandbunny.net/main.html,tt2507174,ja,劇場版 TIGER & BUNNY -The Beginning-,"Set on an alternative Earth, Superheroes are celebrities and a high rating TV show rates their achievements, awarding them points until an annual King of Heroes is crowned. Old-school hero Wild Tiger is assigned a new partner with very different views on the heroes role in society but soon a vigilante criminal presents them with a serious problem.",7.243,/mQ7qAsev0trm7jwiXoNHeXCWYHn.jpg,,"Animation, Action, Science Fiction","SUNRISE, Bandai Visual, MBS, TOY'S FACTORY, Shochiku, T-JOY, Bandai, Asatsu-DK",Japan,Japanese,"superhero, superhero team, anime"
631009,Vrienten & Vrienten in: Basmannen,0.0,0,Released,2019-01-10,0,54,False,,0,,tt9421920,en,Vrienten & Vrienten in: Basmannen,"It is his own son Xander, who is currently causing a furore with Jett Rebel, who points out to his father the changing times. Both men share their love for the bass guitar, visit many colleagues and show us the tantalizing clash of generations.",0.6,/8sojgeVNaYTgk5yefYQp8DzYNza.jpg,,Documentary,,,,bass guitarist
1132309,Ariana Grande - Positions Album (Official Live Performances) | Vevo,10.0,1,Released,2021-06-21,3000000,23,False,,25000,,tt15168524,en,Ariana Grande - Positions Album (Official Live Performances) | Vevo,"If our Official Live Performances of “pov,” “positions,” “safety net,” “my hair,” “34+35,” and “off the table” reveal anything, it’s that Ariana Grande excels at her job because she’s so passionate about the results. You don’t hit the high notes, you don’t exude candor, and you don’t make pop music as moving as she does without crossing the T’s and dotting the I’s. A very cool Cali session with the look and feel of a cozy little meadow was a perfect place to turn some of the best tunes on ‘Positions’ into utterly memorable performances. Now they’re all in one place. Just press play.",0.6,/y5bejjBO39qMuPdsuLWYqJZ5zNO.jpg,,Music,,,English,
271257,DJ Domination: World Domination,0.0,0,Released,2004-01-01,0,0,False,,0,,tt1674684,en,DJ Domination: World Domination,"Documentary - Go backstage with hip hop's premier mixologist, DJ Domination. See how the most creative captain of cuts rolls as he hangs with hip hop's elite. Features Ludacris, Scarface, Busta Rhymes, Destiny's Child, Shaq, Ice T, and more. -  Domination, Ice-T, Ludacris",0.6,,,,,,,
1388720,Bird,0.0,0,Released,,0,1,False,,0,,,en,Bird,A flock of birds moves in abstract pattern over land and water.,0.0,,,,,,,
893046,Mr. Landsbergis,8.25,4,Released,2021-11-20,0,246,False,/qziPMIryeP0DmhBmEY3KG2mFPY2.jpg,0,,tt15938750,lt,Господин Ландсбергис,"This film about the Baltic nation of Lithuania from 1989 to 1991, when it broke away from the Soviet Union. This period of peaceful protests involving lots of singing came to be known as the ""singing revolution.""",0.6,/soYDTqQtJkLMZWAV8DqrFoxlS6E.jpg,,Documentary,"Studio Uljana Kim, Atoms & Void, Current Time TV","Lithuania, Netherlands","Lithuanian, Russian",
1075972,Trans-Visions 11,0.0,0,Released,,0,165,True,,0,,,en,Trans-Visions 11,"On his never-ending search for the world's hottest T-girls, porn legend Joey Silvera scours East Asia, North America and Latin America. The resulting Trans-Visions 11 features glamorous, young TS dolls in oral and anal action with male studs and other trans beauties, as well as in solo masturbation sessions. Stud Gabriel reams stunning TS princess Lena Kelly until her tight rectum gapes. Lena cums all over her own pretty face! Busty Brazilian T-girls Melyna Merlin and Thais Tavares form an ass fucking and cocksucking daisy chain with handsome Alex Victor. Macho boy Youlian anally fucks slim, buxom Vivi Isobelle; they cum on each other's face. Sassy transsexual Nanda Molinari shares intense anal fucking with her man, and they mutually masturbate to a creamy climax. Lauynnia Ferraz fingers her tender butthole while steadily pumping her engorged T-meat until it erupts. Youlian's oversized cock stretches Bangkok ladyboy Alice's tiny rectum. The lovers exchange oral cum shots.",0.6,/AaUlLFZgOjG7Ihb0wCwB0QhXMLC.jpg,,,,,"English, Portuguese",
137847,Not of This Earth,4.444,9,Released,1995-09-05,0,83,False,/2HtLxxYppz9ET22mCKVT1oRqIE0.jpg,0,,tt0114004,en,Not of This Earth,"An anemic alien comes to Earth from a dying planet, in the remake of the Corman 50s classic.",2.645,/CiBH52eCnNbsc6xduRXnsIGgzL.jpg,They've crossed the galaxy in search of our blood.,"Science Fiction, Horror",Concorde-New Horizons,United States of America,English,alien
1324891,Coke in the Hole,0.0,0,Released,1972-01-01,0,8,False,,0,,,en,Coke in the Hole,"Performance documentation as part of the “Video Communications: Do-It-Yourself Kit Event”. 18 TV monitors, 18 Coke bottles: A performer beneath the table reaches through a hole for a Coke bottle above the table, pouring its contents out. With the first pouring, the first monitor turns on, which displays a Coke bottle emptying; all other Coke bottles are emptied and monitors are turned on. The industrial mass production of Coke bottles is mirrored by the media’s endless replications.",0.6,,,,,,,
1381287,Sisterz,0.0,0,Released,2024-11-01,0,13,False,/pijwkhJ9FR2Io5pA6yu9ZUOER51.jpg,0,,,he,סיסטרז,"Tom runs away to her estranged drag queen brother, Dor. In a moment of compassion and solidarity, Dor allows Tom to spend the night. Tom and Dor explore their identity and connection, revealing truths they both suppressed.",1.4,,,Drama,,,Hebrew,
446645,Estafa de amor,6.0,5,Released,1955-06-29,0,93,False,,0,,tt0249500,es,Estafa de amor,Bad woman plays three men off each other while enjoying the attentions of all three; a great many lives are disrupted as a result of her wickedness.,1.111,/man6ijAthssgCFZVmSMMUukHqBv.jpg,,Drama,,,,
1215266,"AHRIMAN, PART 1: Death Before Dying",0.0,0,Released,,0,99,False,,0,,tt13280512,en,"AHRIMAN, PART 1: Death Before Dying",The possession of a soul by an evil entity causes an imbalance in the timeline that only a celestial being can rectify.,0.0,,,,,,,
375922,The Law of the Tong,0.0,0,Released,1931-12-15,0,61,False,,0,,tt0022061,en,The Law of the Tong,A young girl working as a dance-hall hostess gets mixed up in a scheme that smuggles illegal Chinese aliens into the country.,0.6,/xyJfBbrnHds1PnTkaxVTW5PUBs5.jpg,,Crime,Willis Kent Productions,United States of America,English,"sailor, waterfront, tong"
582322,דודי ורעי,0.0,0,Released,1975-01-01,0,0,False,/zuiJrXaRAEOOvZU01Mt9EAXecZ5.jpg,0,,,he,דודי ורעי,,0.6,,,,,,Hebrew,
915691,Palestine 1948: Nakba,0.0,0,Released,2008-03-22,0,130,False,,0,,tt1204386,ja,パレスチナ1948・NAKBA,"The year 2008 marks the 60th anniversary of the foundation of Israel. It marks also the beginning of 60 years of the suffering for the Palestinian people. This tragedy is referred to as the “Nakba,” meaning catastrophe in Arabic.  Since 1948 at least 420 Palestinian villages have vanished. The photo journalist Ryuichi Hirokawa has filmed over 1,000 hours of footage and has taken thousands of photographs of the Palestinian people and their vanished villages. This film is a distillation of this footage",0.6,/oRK68MXKkeQ5GTZp64hRjjZV3GR.jpg,,Documentary,,Japan,,
66151,Vital Signs,5.4,8,Released,2009-10-05,0,88,False,/c4HrYOFCtJ2gYxEbZ5mg70NlckV.jpg,0,,tt1593295,fr,Les Signes vitaux,"After losing a loved one, Simone decides to volunteer in a hospital and spends her days with terminally ill patients. However, other parts of her life soon begin to suffer as well.",1.957,/uXekPiWlDMCGvRWdP0mu6C9r4Mm.jpg,,Drama,,Canada,French,woman director
1198191,"Single, Married, Widowed, Divorced",0.0,0,Released,2023-10-27,0,0,False,,0,,,pt,"Single, Married, Widowed, Divorced",,2.744,/pRa0ZSu96vNLYxjLNpkG5AAGVwk.jpg,,,,,,
964608,I dreamed that Tom was butchered,0.0,0,Released,2022-04-21,0,15,False,,0,,,es,Soñé que carneaban a Tom,"Martín goes jogging, but an unknown woman trips him up. The unknown woman’s husband doesn’t understand his wife’s behavior. Marín has a date but gets hurt. The woman who tripped him has a dream in which her poodle is butchered. No one understands what goes on in the mind of the other.",1.473,/neSmXhh7ezbJSMLWbVX4xjE6ie2.jpg,,,,Argentina,"Spanish, Japanese",
590614,Nach dem Sturm,0.0,0,Released,2019-04-25,0,120,False,/oRqYixMjeD1RdzMLuKXovQCE068.jpg,0,http://mythenfilm.ch/nachdemsturm/nachdemsturm.html,,de,Nach dem Sturm,"The protests of 1968 had a significant impact on the great cities of the world. But people like to forget that the periphery went through the same social upheavals – Central Switzerland, for example. This is hardly surprising: in the founding cantons of the Old Swiss Confederacy, society followed a strict order; tradition, shaped by centuries of Catholic rule, seemed untouchable. But in the 1960s, the local youth could not take these stifling conditions anymore: starting in 1969, resistance broke out across Central Switzerland.",0.6,/aXo0eEchg3k5WDanKXSKSh1U0ml.jpg,1968 in Central Switzerland – and what followed.,Documentary,Mythenfilm,"Italy, Switzerland",German,"marxism, police, switzerland, pacifism, bourgeoisie, catholic church, social documentary, 1980s, 1960s, zug, political documentary, lucerne, stans, einsiedeln"
723358,The Eliminators,0.0,0,Released,2001-01-01,0,89,False,,0,,,en,Amandianeze,"The Exterminators is about a couple of businessmen wanting to do anything for power and money. It's a story of greed, lust and violence... Nigerian style!",0.6,/pUFhKGkqJBZSOmEPstslu3mLIRn.jpg,,,,Nigeria,English,
1458175,Chopped Snake,0.0,0,Released,1930-08-30,0,16,False,,0,,tt0437914,xx,Chongire hebi,"The last work of Junichi Kouchi, a pioneer of Japanese animation, and it is a must-see for fans",0.0143,,,Animation,,,,
1365560,The Submission of Zoey Monroe,6.0,1,Released,,0,0,True,/f5M9heRG6xH9DhrduN3vcCsTH2W.jpg,0,,,en,The Submission of Zoey Monroe,,0.0,/kQvTTsiWbiD71WHtq5NK4TkqxwW.jpg,,,,,English,
501692,Tears Ox,10.0,1,Released,2018-06-11,0,54,False,,50000,,tt7773766,pt,Boi de Lágrimas,A political film about horror and solitude.,0.6,/hHUbkG5ygLpO6DYdTquPv6kCQ4k.jpg,,,Lume Filmes,Brazil,Portuguese,
814077,"Help Me, Please",7.5,5,Released,2020-08-03,0,14,False,,50,https://www.sergiomunozesquer.com/ayudame-por-favor,tt12899304,es,"Ayúdame, Por Favor","A child stumbles upon what seems to be the perfect house, yet its interior holds unexpected surprises.",0.767,/2g1aOc3xDIN9j29WjHTBZATLv2L.jpg,,"Drama, Thriller",,Mexico,Spanish,coming of age
717259,Flour Babies,0.0,0,Released,,0,0,False,,0,,tt0386467,en,Flour Babies,After school special,0.6,/ohq7pgn6uBZZK0BZnWyZKORvmfL.jpg,,,,,,
730827,Exposed,0.0,0,Released,2011-06-06,0,99,True,,0,,tt3910478,en,Exposed,"You think you're alone. You let your guard down, surrendering to that undeniable urge. But you're wrong -- intense eyes are on you, and they want a lot more than just a glance. You've been Exposed, but don't be shy -- embrace your inner exhibitionist. Need some help? TitanMen exclusive Aymeric DeVille is here to lead the way as a group of hung buds show off and get off as your sensual stare turns them on. Assuming the position in the men's room, tattooed Aymeric DeVille has two admirers: hairy hunk Junior Stellano and muscle jock Shay Michaels. Before it's over, no mouth or hole is left unsatisfied. Beefy repairman Roman Wright gets a sniff of bud Jeremy Tyler's briefs, the two exchanging sucks before Jeremy gets a super-sized stick shift up the ass over the hood of his car. Turned on by the sight of a stroking Enzo Rimenez, tight and toned Amir unleashes his big cock on the eager bottom in a passionate encounter.",0.6,/1ZzQ1QWfUgx3BISZBgUECHYjEye.jpg,,,,,,gay pornography
43737,Splintered,4.845,29,Released,2010-09-03,0,86,False,/zYwV6XesAhzLkmWq1u87TfXniPX.jpg,2300000,http://www.splinteredthemovie.com/,tt1016241,en,Splintered,"Sophie is a troubled young girl, haunted by the abuse she suffered as a child and harbouring a deep fascination with the unexplained. In the hope of satiating her obsession with the latter, she instigates a trip to the Welsh countryside with four friends, aimed at tracking down the legendary Beast of Bodmin. It seems the mythical creature – often thought to be a large wildcat or fox – has caught the public's attention once more thanks to a spate of attacks on livestock and one local farmer. Armed with a video camera and a case of beer, the group head off into the woods but they soon uncover much more than they bargained for, with Sophie falling foul of a mysterious madman who locks her away in an apparent attempt to protect her from some unnamed terror.",2.342,/AsljbDlQZ42dTMX9o0QDtiRIvAx.jpg,Don't be Frightened. You're Safe Here,"Horror, Thriller","BTG McInnes Corporate Finance, Splintered Films, Not a Number",United Kingdom,English,"sibling relationship, twin brother, evil priest"
208378,El beso que me diste,8.0,2,Released,2000-01-01,0,91,False,,0,,tt0247953,es,El beso que me diste,A TV reporter from Puerto Rico loses her son after her ex-husband Armando kidnaps him and takes him to the States. Angela must team up with a lawyer to find and rescue the child.,0.948,/yODHFZDMCnN4RluWFtkragXXBu3.jpg,,"Thriller, Drama, Romance",Vanguard Cinema,Puerto Rico,Spanish,woman director
1497120,Medlock,0.0,0,Released,2024-12-06,0,4,False,,0,https://www.youtube.com/watch?v=YynbuiLQk0k,,en,Medlock,"An Experimental Film about Manchester's ""Great Flood"".  In July 1872, Manchester's River Medlock overflowed its banks due to heavy and continuous rains, resulting in the ""Great Flood."" The flood severely damaged areas around the River Medlock, with parts of Ancoats and Hulme being particularly affected.",0.0071,,"An Experimental Film about Manchester's ""Great Flood"".",History,So Fine Productions,United Kingdom,English,"performative, experimental, experimental cinema, experimental film"
1151724,VHS Violence: After Death,0.0,0,Planned,,0,0,False,,0,,,en,VHS Violence: After Death,,0.654,/8ox409SHVkvOj5n8DQKfSwivtpH.jpg,VHS lives...you won't,,,,,
764747,Queen of the night,9.0,1,Released,2020-10-31,0,0,False,,0,,,es,Queen of the night,,0.6,/eEkkYQZXlxEoTcyQvtixf6HD748.jpg,,"Horror, Drama",,,,
319874,Modern Marvels: Aquariums: Windows on a Watery World,0.0,0,Released,1997-01-01,0,0,False,,0,,,en,Modern Marvels: Aquariums: Windows on a Watery World,"This installment of the History Channel's ""Modern Marvels"" series dives into the history of the modern aquarium to reveal a wondrous world many people seldom see, providing an underwater experience that's ""worth the wet."" When the first public aquariums opened in the middle of the 19th century, they piqued the world's curiosity about ocean life; today's technological innovations in water filtration and window materials enhance the experience.",0.6,/xQr8vpPZuYJNvF282T6VEISQcaW.jpg,,,,,,
1268796,광천동 김환경,0.0,0,Post Production,,0,0,False,,0,,,ko,광천동 김환경,,0.0,,,,,,Korean,
888477,The People of Värmland,0.0,0,Released,1932-10-10,0,92,False,,0,,tt0023664,sv,Värmlänningarna,"Erik, who comes from a wealthy family, has to marry a stuck-up girl, but the one he really loves is the poor Anna.",0.6,/2qbapec5rKhZ7Uhpxf9vjx3l8nr.jpg,,"Drama, Romance",Film AB Minerva,Sweden,Swedish,
374708,Sublime - Everything Under the Sun,0.0,0,Released,2006-11-14,0,62,False,,0,,,en,Sublime - Everything Under the Sun,Compilation video from the Sublime box set.,0.6,,,Music,,,English,
601697,Whore of the Worlds,0.0,0,Released,1985-08-16,0,80,True,,0,,tt0185010,en,Whore of the Worlds,"Just when she’s smugly certain the entire population of the planet has accepted her moratorium on sex – evil ruler Clitemnestra, discovers the decampment of Zork and Zindy for worldly pleasures. In her private chambers, Clitemnestra watches their amorous antics through the telly and finds her gorge rising as well as long buried desires. After taking matters quickly in hand, dispatches her chief aide-de-camp to trap and zap the fallen angels. Meanwhile, Zork and Zinky, unaware they are being watched have found Hollywood, California a fine state of affairs and, anxious to make up for lost years of enforced celibacy, are having a ball with a playful group of consenting adults.",1.214,/j0A5ErcI0ZQlGJzqxhnAkA0g42m.jpg,,,,,English,
1413971,Just this world,0.0,0,Released,2023-07-01,0,11,False,,0,,,en,Samo ovaj svet,A lonely wanderer starts following his mechanic after a crash.,0.6,/vl5KOMuvrFUhY0cgtp0BX4pTRjO.jpg,A lonely wanderer starts following his mechanic after a crash.,,,,Serbian,
1329188,"Вы чье, старичье?",0.0,0,Released,,0,0,False,,0,,,ru,"Вы чье, старичье?",,0.0,,,,,,,
569592,Schoolgirls,0.0,0,Released,1976-01-01,0,71,True,,0,,,de,Schoolgirls,"Julia is quite familiar with a man's dick and yet she has never really had sex before. When her parents go on vacation for a weekend, she decides to seduce the handsome piano teacher Karl. And of course with the help of her best friend Karin. Coincidentally, her cousin Lissy comes to visit with her hunky husband and of course they begin to fuck without restraint until the weekend is over.",0.6,/304b0sqozPXGIRC2RaUVgVswLaP.jpg,,Comedy,Mini Film,Germany,German,"schoolgirl, porn comedy"
508679,Donasvinte,0.0,0,Released,1979-01-01,0,0,False,,0,,tt1070761,pt,Donasvinte,,0.6,,,Drama,Centro Português de Cinema,Portugal,Portuguese,
1355930,Il Dominio dell'Aria,0.0,0,Released,2024-08-30,0,20,False,,0,https://www.mocp.org/exhibition/prospetto-a-mare/,,it,Il Dominio dell'Aria,Petros's new video work takes aviation as the starting point. Aerial footage slowly carries us past the critical stops on Italo Balbo's 1933 journey from Italy to Chicago.,1.4,/yTY0gUpX23xL7eb2rYcr6YwpLWs.jpg,,,,,Italian,
470898,Strap Attack 18,0.0,0,Released,2014-04-21,0,191,True,/bsRpMpX3b2AkPymzNdAGqgawwbZ.jpg,0,,tt3851940,en,Strap Attack 18,"Kinky director Joey Silvera's Strap Attack 18 presents twisted, femdom vignettes in which girly cuties wear tiaras while pegging males!",0.6,/7c2rX5sWh3hLdzhkID29fe4ZSbX.jpg,,,Evil Angel,United States of America,,"gonzo, femdom, strap-on, pegging"
657914,Whitesnake: Forevermore,0.0,0,Released,2011-03-25,0,35,False,,0,https://whitesnake.com/album/forevermore/,,en,Whitesnake: Forevermore,"2011 release from the Hard Rock/AOR veterans fronted by vocalist David Coverdale. From its earliest Blues-based origins to the overwhelming MTV exposure in the ’90s, Whitesnake have captured audiences worldwide with their live shows, incredible songs and Coverdale’s signature vocals. Whitesnake have a global career total to date of selling 100+ million records.  Forevermore is the band’s 11th studio album, and was produced by Coverdale, guitarist Doug Aldrich and Michael McIntyre.  Limited Edition Box Set contains CD+LP+DVD+memorabilia (Poster, Lithography, Sticker).  DVD-1: Making Of Forevermore  DVD-2: Forevermore: Track By Track  DVD-3: Love Will Set You Free (Music Video)  DVD-4: Making Of Love Will Set You Free",0.6,/tquznhlxthWcCZrkMRhlh5PwQdv.jpg,"""Forevermore"" is the 12th studio album by English Hard Rock band WHITESNAKE",Music,,,English,hard rock
1482551,Free Use Stepmom Moved In,0.0,0,Released,,0,0,True,,0,,,en,Free Use Stepmom Moved In,,0.0,,,,,,,
199223,Hanka,5.1,5,Released,1955-12-30,0,132,False,/rwej9vB2KA5cWSlL46sfIp24oSP.jpg,0,,tt0048146,sh,Hanka,Village drama of love and hate among the Gypsies.,0.838,/oHTD5hcMgEYajTZlXOZmrTPOXDJ.jpg,,Drama,Bosna Film,Yugoslavia,Serbo-Croatian,
422542,Tomorrow Evening,0.0,0,Released,1977-10-29,0,75,False,,0,,,ja,あすも夕やけ,"Ayako is a 7-year-old girl with a dark, tanned face and a somewhat mysterious expression on her face. She shows up at the elementary school and acts strangely, but the children don't know her name and just call her ""that girl"". There are two groups of children at the elementary school, and the conflict between the groups intensifies...",0.639,/qXRUFhzq0oBYrjuHud66F8uH5tp.jpg,,Drama,"Kindai Eiga Kyokai, Saitama Film Culture Association",Japan,Japanese,
507821,The Go-Go's: Wild at the Greek,0.0,0,Released,1984-10-12,0,52,False,,0,,tt0373869,en,The Go-Go's: Wild at the Greek,"The Go-Go's perform live-in-concert on their 1984 ""Talk Show"" tour.",0.6,/7aXqbXVYjFFdirIQV9NnnWoJ7X5.jpg,,Music,RVP,United States of America,English,"concert, female rockband"
794371,Mapagbigay,0.0,0,Released,2020-01-01,0,89,False,,0,,,tl,Mapagbigay,,0.6,/uezjzwEdD2Y8lFrXqtrH0K4xqON.jpg,"Huwag Kang Maingay, Hindi Sayo Bagay",Drama,,Philippines,Tagalog,
749476,Baby Mine,0.0,0,Released,2017-11-08,0,20,False,,0,,tt5660458,en,Baby Mine,"When her volatile Middle Eastern husband kidnaps their child, Sarah blindly recruits a prejudiced neighbour to hunt them down. A sense of dread slowly tightens its grip as a little girl's life hangs in the balance and a new threat rears its head.",0.6,/o10KCznfTHGMqemThuqNc4zvedy.jpg,,,,,,
356751,Hood,0.0,0,Released,2015-08-04,0,100,False,,0,,tt3579158,en,Hood,"When RJ (Matt Singletary) returns home to Chicago after an 8 year tour in the army, he quickly finds that the streets he once knew are now eerily similar to the war torn villages and deserts of the Middle East. His Uncle Richard (Harlem Globe Trotter Curley Boo Johnson), who has taken care of him since he was a little boy, explains the rules of the urban battleground - Don't go out at night, gangs, drugs and money rule these streets, and Trust no one.Is there any way to stop the cycle of violence? To push the gangs out? To save our children?This modern day retelling of the Robin Hood Legend amps up the action and heroism. All while taking a look at what's really wrong in the neighborhoods of Chicago.RJ is an arrow slinging savior of the city. Along with Father Benjamin Tuck (Malik Yoba), Marian (Mahogany Monae), his childhood love who now runs the community center, and his comrades in arms from the army, RJ and his crew are out to stop the drug trade and gangland war that's spread ...",1.471,/1YTz0VTCrurFfJxKMPISiT0Yhkb.jpg,"When RJ (Matt Singletary) returns home to Chicago after an 8 year tour in the army, he quickly finds that the streets he once knew are now eerily similar to the war torn villages and deserts of the Middle East.",Action,34th Street Films,United States of America,English,
167992,Butch Harmon About Golf,0.0,0,Released,2012-05-01,0,0,False,,0,,,en,Butch Harmon About Golf,"Butch Harmon - About Golf DVD Set World's greatest teacher shares a lifetime of knowledge with you! There probably is not another golf instructor in the world that has the EYE that Butch has in seeing the strong and weak part of any player's golf swing. He is TOUGH and very disciplined. He will not try to change your golf swing, just improve it. Fred Couples Butch Harmon - About Golf DVD Set features: 2 DVD's with more than 4 hours of content SECTION 1: Ball Striking, Basic Fundamentals SECTION 2: Faults, Cures &amp; Drills SECTION 3: Specialty Shots SECTION 4: Short Game SECTION 5: Sand Play SECTION 6: Putting SECTION 7: From Good to Great SECTION 8: Selecting Correct Clubs SECTION 9: Fitness in Golf SECTION 10: Kids/Women/Seniors Instruction Booklet Video featuring Tiger Woods, Phil Mickelson and many more golf superstars A portion of the proceeds goes to the Troops First Foundation About Golf DVD Set... BUTCH PRODUCES WINNERS!",0.6,/wHizWhwRYxVtE5Z6fm3cFCZ3YEc.jpg,,,,,,
131222,Je Suis A Stand-up – Eddie Izzard Abroad,0.0,0,Released,1996-12-06,0,48,False,/y0FjENvZWI8INLYkQChHDlA5QXr.jpg,0,http://www.eddieizzard.com/eddie/stand-up/view.php?Id=20,tt0443751,en,Je Suis A Stand-up – Eddie Izzard Abroad,"BBC2 documentary of Eddie Izzard's first foray into world touring. Beginning in his ""hometown"" of Eastbourne and and culminating in his month long show in the East village of New York, Izzard travels to Paris (his first, unsuccessful French language show,) Copenhagen, Reykjavik, and Stockholm.",0.6,/gQzuNSg426Eko5FXqTr4EA6WhZf.jpg,,,,,,
1355958,The Confusions of Young Curtis,0.0,0,Released,,0,3,False,,0,,,en,The Confusions of Young Curtis,A young man grapples with love - and loss.,0.6,,,,,,,
431492,Transgression,5.0,1,Released,1974-11-09,0,111,False,,0,,tt0314478,ko,파계,"Chim-Ae, an orphan, is saved by an old monk of Seo San Temple, Mu Bul Dang while he is wandering in war fires. Then he enters the priesthood and trains himself a mountaineering asceticism. When he becomes an eminent young priest, the last trial to receive the mantle of the preceding abbot applies on him. The old monk sends the fairest of the fair, Myo-Hyang of cottage Ni Am to Chim-Ae to form a connection with her. But Chim-Ae quickly removes his earthly desires towards woman and goes through this hardship by fasting meditation. However the old monk recognizes that love sprouted between two youngsters and shows Chim-Ae the face of transgression which he mentally violated without hesitation to make Chim-Ae and Myo-Hyang go back to mundane existence.",0.827,/hg7VYzDYSAMoZZn5WPVanSsZjLv.jpg,,Drama,Dong-a Export,South Korea,Korean,buddhist monk
360995,If War Comes Tomorrow,0.0,0,Released,1938-02-23,0,62,False,,0,,tt0030992,ru,Если завтра война…,"The propaganda documentary about the readiness of the Red Army to repulse any enemy is based on documentary shots taken during the real maneuvers of the Red Army. Armadas of tanks, immense columns of infantry, dozens of fighters and bombers, thousands of cavalry, legendary divisions of the Civil War. The film glorifies Soviet military power and shows the Soviet people what the war will be like when the imperialists attack the USSR — quick, victorious, almost bloodless.",0.6,/oa7MVT1QZ5eWkDgMpnP6bIn9uFU.jpg,,"Drama, Documentary, War",Mosfilm,Soviet Union,Russian,"fascism, world war ii, soviet military, aviation, red army, soviet propaganda"
1345427,[搜狐财经]星力冠电脑,0.0,0,Released,,0,0,False,,0,,,zh,[搜狐财经]星力冠电脑,,0.6,,,,,,,
486257,Los dueños del silencio,0.0,0,Released,1987-04-02,0,98,False,,0,,tt0094085,es,Los dueños del silencio,A Swedish journalist in Buenos Aires is about to reveal the circumstances surrounding the young Swedish-Argentine woman Lena Melin's disappearance. The military junta of Argentina is threatening to deport him.,0.606,/6DuWQ6WGWYkoxgvByoiYB3O3RJG.jpg,,Drama,"Crescendo Films, Svenska Filminstitutet, Guillermo Caligari, Guoran Linstron, GC Productions","Argentina, France, Sweden, Turkey","English, Spanish, Swedish",
1335855,Moth,0.0,0,Released,2004-12-06,0,12,False,,0,http://www.amuletfilms.com/moth/subindexs/subindex_moth.htm,tt0368047,en,Moth,"Tommy is an unhappy seven year old boy who is still grieving for the death of his father, whilst battling with his new stepfather. When a moth dies in the palm of his hand he is fascinated by the residue it leaves behind - ""magic dust, that helps the moths to fly"" his mother tells him. Tommy becomes obsessed with moths, seeing them as the only way to escape from the conflict around and within him.",0.0,/6MD9CeEZE0cEb1nIpInn5bZCod0.jpg,,,,,,
1517919,Boavista - Ein Dorf erwacht,0.0,0,Released,1976-04-28,0,25,False,,0,,,de,Boavista - Ein Dorf erwacht,,0.0286,,,Documentary,Hartmann & Yoash,Germany,German,short film
961665,Road to Dawn,7.75,4,Released,2007-06-28,0,0,False,/ijwJ8YcEePjKvewM3GzA1v6C8H3.jpg,0,,tt1071355,zh,夜·明,Based on the story of Dr Sun Yat Sen’s revolutionary efforts and his love affairs while he was in Penang in 1910.,0.6,/9UipodyhUgEohOpnAswqp9wFDFQ.jpg,,"History, Drama","深圳电影制片厂, 珠江电影制片厂",China,Mandarin,
772157,La Orquídea de Jazmín,5.0,2,Released,2019-01-01,0,0,False,,0,,tt12144000,es,La Orquídea de Jazmín,,0.6,/tEH3gvExAqU0BRQ0wimdwqmY7As.jpg,,,,Mexico,,
303874,Ben L'Oncle Soul - Gurtenfestival 2014,0.0,0,Released,2014-11-17,0,0,False,,0,,,en,Ben L'Oncle Soul - Gurtenfestival 2014,Ben L'Oncle Soul - Gurtenfestival 2014,0.6,,,Music,,,,
845406,"...tur, Latvijā!",0.0,0,Released,2010-01-01,0,37,False,,0,,,lv,"...tur, Latvijā!",,0.6,,,Documentary,,Latvia,,
1337809,バロンの末裔／グランド・ベル・フォリー,0.0,0,Released,,0,0,False,,0,,,ja,バロンの末裔／グランド・ベル・フォリー,,0.0,,,,,,,
1179176,A Co-Ed's Diary,0.0,0,Released,1986-01-01,0,0,False,,0,,,en,一个女大学生的日记,Taiwanese movie,0.6,,,,,,,
652711,Surrender: Burning Man 2017,0.0,0,Released,2018-01-01,0,37,False,,0,,,en,Surrender: Burning Man 2017,A look at ritual at Burning Man.,0.6,,,Documentary,,,,
1536256,Untitled Markus Penner Short Film,0.0,0,In Production,,0,0,False,,0,,,en,Untitled Markus Penner Short Film,"One late Sunday evening, a man taking out the garbage and recycling hears a familiar sound in the distance and tries to find out where it’s coming from.",0.0143,,,"Drama, Thriller",,,,
1447810,The Last Dinosaur,0.0,0,Released,,0,0,False,,0,,tt20252544,en,The Last Dinosaur,"Rex the dinosaur, whose father is the king of dinosaurs is snatched and transported to the 21st century in a time machine, and must team up with a motely crew in an attempt to find his way home, 65 million years back in time.",0.6,,,,"Red Star 3D, Fantabulous, La Fabrique d'Images","France, United Kingdom",,
1324469,Snapshot,0.0,0,Released,,0,0,False,,0,,,fr,Snapshot,,0.6,,,,,,,
499404,14 Apples,5.4,5,Released,2018-05-16,0,84,False,,0,,tt8431692,my,十四顆蘋果,"Wang Shin-hong is suffering from insomnia. A fortune teller advises the Mandalay businessman, whose car and bulging wallet suggest that business is going pretty well, to spend 14 days in a monastery, living life as a monk and eating an apple a day. Such a thing is possible in Burma today. Wang Shin-hong arrives at the rural monastery, has his head shaved and dons a red robe, in which he instantly becomes an authority. During the welcome procession, the village women, their poverty clear from their clothing and the huts in the background, put more than they have in his alms bowl. During his fleeting role as their advisor, Wang Shin-hong soon learns of the villagers’ attempts to survive and make a living as legal or illegal migrants in China, Thailand or Malaysia. He also finds out how the other monks try to generate profit and additional income.",0.613,/3DCU1UD39q7jq5AMg1v5G6RBjWd.jpg,,Documentary,"Taiwan Public Television Service Foundation, Myanmar Montage Films, Seashore Image Production","Myanmar, Taiwan",Burmese,"buddhism, burma"
1368799,The Wedding Present: 146 Degrees,0.0,0,Released,,0,0,False,,0,,,en,The Wedding Present: 146 Degrees,"The Wedding Present performing live for Yorkshire TV, 2004.",0.6,/fYn3tcQF0YjdtoUYvttm0cSrNVF.jpg,,Music,,,,
981340,Xenakis révolution - Le bâtisseur du son,6.0,1,Released,2022-05-16,0,56,False,,0,,tt20439032,fr,Xenakis révolution - Le bâtisseur du son,"A fascinating portrait of the composer, engineer and architect Iannis Xenakis, a leader of the avant-garde and a pioneer of sound and light shows, who turned contemporary music upside down by bringing art and mathematics together.",0.6,/lhtcDnkrSyaN20N7x1YsnuBLd05.jpg,,"Documentary, Music",ARTE,France,French,
1081815,The Escort,0.0,0,Released,,0,0,False,/cWhkhEsue0fYA7l2TPqHWFeqrd.jpg,0,,,fr,The Escort,,0.6,/8b7Q9HljyzlEsOHpn2HAClktQgG.jpg,,,,,,
479588,A Bed Affair,0.0,0,Released,2012-12-17,0,36,False,/65iiqi9Bqp0aZlXDmQbBYQ80obM.jpg,0,,,zh,床上关系 A Bed Affair,,2.036,/pgeOOUzQHpiHExFthHz7c6ocCTR.jpg,,,,China,Mandarin,
1344790,【终于找到】手机版本打鱼游戏,0.0,0,Released,,0,0,False,,0,,,zh,【终于找到】手机版本打鱼游戏,,0.6,,,,,,,
812856,Beginning of an End,0.0,0,Released,,0,120,False,,0,,tt11884428,en,Beginning of an End,"The 400 year old jewish community of Kolkata is slowly fading away as the last 30 residents fight among themselves challenging their own identity that they had honoured and respected for the last 50 years. Caught at a time when India faces a serious political crisis owning to identity issues, the film explores the strange war the last of the Kolkata Jews are Fighting.",0.6,,,Documentary,IlmishkaDuniya Cinemas,India,,
626919,Kabus,0.0,0,Released,2018-03-30,0,0,False,,0,,tt7962934,tr,Kabus,,0.6,/MYwb2EXMV1dkwl905C1DZE6iMI.jpg,,Horror,Gürbüz Prodüksiyon,Turkey,Turkish,kabus
1555219,shed your skin,0.0,0,Released,,0,3,False,,0,https://www.youtube.com/watch?v=NmZ1VBJB5v0,,en,shed your skin,an interpretive dance set to the dreamy tune of Sublime Eternal Love,0.0,,calling out she cried... cried for understanding...,,,,,
663159,Bruges,0.0,0,Released,2006-01-09,0,7,False,,0,,,en,Bruges,"“Bruges” depicts life in a hotel room in a quaint, Belgian tourist town. Residents are also depicted walking and cycling to work on one of the city’s many canal bridges, as wildlife experiences its own reality in the waters below. A fine example of Jennings’ skillful editing.",0.6,/jjpbUJn616Eo7WYUI7w7Xmn36Nk.jpg,,,,,,
1142330,Trip,0.0,0,Released,1969-01-01,0,7,False,,0,,,en,Trip,"Soundtrack: MADE IN AMERICA, by William Russell.",0.6,/2hZnp42mahcJOF2nPABJWuOPFPr.jpg,,,,,,
1490740,Ghost Town,0.0,0,Released,,0,20,False,,0,https://www.reignfreefilms.com/ghost-town,tt27427038,en,Ghost Town,"A blue-collar alcoholic's life takes a turn when his estranged daughter reenters his life, forcing him to choose between continuing down the path of addiction or beginning a new chapter with her support.",0.0571,/ubcJaFC5I0CZflHMBavQIVuSG8h.jpg,,Drama,"Reign Free Films, Jetblack Film Co.",,English,"ghost town, neo-western, rocky ford, colorado"
954841,Don´t look the screen,6.0,1,Released,2022-03-26,0,0,False,/x6ocK020euNElUiwNbO0qfDh4rz.jpg,200,,,de,Don´t look the screen,,0.6,/1KlwZVVKzJlbl9fYxlAzNSwnsZF.jpg,,Horror,,,German,
417497,Cargadores,0.0,0,Released,1971-07-08,0,13,False,,0,,,pt,Cargadores,,0.6,/une4fr2w4LZdJASNlZ97TsRdxZu.jpg,,,,,,
540412,A Message from the East,0.0,0,Released,2009-07-01,0,56,False,/2oQkjGsIVt8LaZVRfiiRJtOUrTl.jpg,0,,tt1486539,en,A Message from the East,"The story of Muhammad Iqbal, a turn of the century poet/philosopher from South Asia. Through Iqbal's work we open a dialog between the East and West, refute the notion of a class of civilizations and discover our shared humanity.",0.805,/6zRMPBOoEwBfcwhNZ88bfX2a0Nq.jpg,,"Documentary, Family, History",Endless Eye Productions,,,"poetry, third world, islam, pakistan, religion, spiritual, educational, human rights, islamic"
499057,The Adventurer,7.0,2,Released,1917-02-15,0,50,False,,0,,tt0007614,en,The Adventurer,"A young girl is trying to live an honest life in a crooked city. Caught up with a crook that might be the son of a millionaire and other crooked people, she must attempt to reform things, or at least one person.",0.6,/sga06H65AAvPMIZJmV5Uby9XDgW.jpg,,Drama,U.S. Amusement Corporation,United States of America,,
235551,Git Along Lil' Duckie,0.0,0,Released,1955-03-24,0,6,False,,0,,tt0146798,en,Git Along Lil' Duckie,"The over-sized Baby Huey wants to join the little ducks in their cowboy game but they don't want him. A fox comes along and the ducklings flee and leave Huey to fight the enemy. The fox uses an exploding-cigar, a shotgun and dynamite against him but Huey is too tough and the fox winds up being the pursued.",0.607,/qqm6UL3QSYBuI1yF6D6F2LCoCTf.jpg,,Animation,Famous Studios,United States of America,English,
1068487,"Goose: 2020.10.19 - Frederick Fairgrounds - Frederick, MD",0.0,0,Released,2020-10-19,0,0,False,/m5SMBC57z0U5jk1lAM7dJXjjtLf.jpg,0,,,en,"Goose: 2020.10.19 - Frederick Fairgrounds - Frederick, MD","Set 1: Drive > Doc Brown, So Ready, AUATC, Jive I > Jive Lee, Indian River > Time to Flee Reprise  Set 2: Fish In The Sea > Drive > Rosewood Heart > Travelers, Turned Clouds > Hot Tea",0.6,/2MFi1jsWR450hNGdRcrgteHnExd.jpg,,,,,,
1470235,The Last of Buns,0.0,0,Released,2024-06-28,0,6,False,,0,,,en,The Last of Buns,Two sisters meet in a Chinese restaurant to reconnect after one went to college and left the other with their abusive parents.,0.0286,,,Drama,,United States of America,,"fight, restaurant, sisters"
1548962,Jadwiga,0.0,0,Released,2016-09-18,0,0,False,/mx9uPb0lMDOJiww1d6fcPDV7S1a.jpg,0,,tt6072978,en,Jadwiga,,0.0071,,,"Fantasy, Thriller","Des Gens Bien Prod, Les Films sur Mesure",France,English,"short film, court métrage, london, short movie, xviith century"
425229,The Front Path,5.0,4,Released,1963-01-01,0,17,False,,0,,tt0364101,es,La Vereda de Enfrente,"A boy accompanies another to the Maciel Island to sexually initiated with a prostitute. The crossing of the Riachuelo and precarious place show a world outside appearance of the great capital. This first short Cedron anticipates characters in a world that reappear in his later works.  Movie considered part of the so-called ""Generation 60"", the new Argentine cinema.",0.6,,,,,,Spanish,short film
519873,Tout (ou presque) sur Maigret,0.0,0,Released,2009-09-13,0,0,False,,0,,tt1498880,fr,Tout (ou presque) sur Maigret,,0.6,/SvC7Auu5mzNaS8PaoV6YteKKMj.jpg,,Documentary,ARTE,France,French,
442410,Nous Autres à Champignol,0.0,0,Released,1957-08-01,0,0,False,,0,,,fr,Nous Autres à Champignol,,1.341,/4bMAKNQt5STf5CtRqOr7K0yVMOC.jpg,,Comedy,Chronos Media,France,French,
625016,A Farmers Desire,0.0,0,Released,2010-08-30,0,14,False,,0,,,sv,En bondes längtan,,0.6,/zgAUMt0MzWzhIbF6jD5M1AnGes5.jpg,,Documentary,Misfits film,Sweden,Swedish,
406702,Smokey Joe's Revenge,0.0,0,Released,1974-01-01,0,60,False,,0,,tt0218610,en,Smokey Joe's Revenge,Three children rejuvenate an old traction engine and enter it for the County Championship.,0.6,,,Family,Children's Film Foundation (CFF),United Kingdom,English,
499965,Risto Vanarin piilokamera,3.0,1,Released,1979-01-19,0,101,False,,0,,tt0141785,fi,Risto Vanarin piilokamera,,0.62,/kBwsxTEb25P9yWLjlaI1tgAxUKs.jpg,,Comedy,"Filmi-Jatta, Adams Filmi, Spede-Yhtiöt",Finland,Finnish,
667857,Spying,0.0,0,Released,1978-08-08,0,35,False,,0,,tt0481908,en,Spying,"Spying is equal parts diary film, structural film and conceptual film. The filmmaker “spies” on neighbors, passersby and day workers—whomever is visible from the vantage point of his camera as he gazes across the San Francisco cityscape. The film is a subjective portrait of the neighborhood: the routines of the inhabitants, their unconscious gestures of domesticity, an intimate look into the private moments of strangers as they are caught unawares by the voyeurism of Joe’s camera.",0.6,/6YUcTA96SsGnmXOPlFUFVk4AawW.jpg,,,,,,
160593,Maiden Tower Legend,5.0,2,Released,1924-05-27,0,55,False,/iNcSUeXKGUuWBdpOL3rDUAVBysE.jpg,0,,tt1407280,ru,Легенда о Девичьей башне,The plot of the film is taken from the legend of the Azerbaijan Maiden Tower. According to legend shirvanshah fell in love with his daughter and wanted to marry her. Learning of this daughter Shirvanshah jumped from the top of the tower in the Caspian Sea.,1.214,/pleIrBYOa7S7VnxAtBtrVCaTqLC.jpg,,"Drama, Fantasy","Azerbaijanfilm, Ministry of Culture and Tourism of the Republic of Azerbaijan, The Russian State Documentary Film & Photo Archive, Film Directors Guild of Azerbaijan",Soviet Union,No Language,"tower, based on myths, legends or folklore, maiden"
1560418,Mon ami escargot,0.0,0,In Production,2025-11-06,0,7,False,,0,,,fr,Mon ami escargot,"Hélène loves nature, a snail named Paul and a rose. Spurred on by the synthetic world, she gradually transforms into a snail herself.",0.0286,,,Animation,Atelier de production de La Cambre Vincent Gilot,Belgium,,
534664,The new adventures of Capelito,0.0,0,Released,2012-04-11,0,0,False,,0,,,en,The new adventures of Capelito,Capelito is a young mushroom with special powers. While pressing his nose he can change caps.,0.6,/7hqg5smpyDuAXEW0U1BrwO9eAJ8.jpg,,,,,,
1233809,The Only Way: 1995-1999,0.0,0,Released,,0,60,False,,0,,,en,The Only Way: 1995-1999,Documentary about Ten Yard Fight,0.0,,,,,,,"concert, music"
673325,Hisashi Eguchi's It Will All Work Out!,8.0,1,Released,1990-01-25,0,43,False,,0,,,ja,江口寿史のなんとかなるでショ!,"Adapted from the manga of the same name by Hisashi Eguchi, and directed by Minoru Kawasaki and Rintaro, this is a series of random skits featuring anime, live action, and puppet show segments, exploring love, sex, death and many other sometimes controversial subjects.",0.954,/9CTHrHfMyAIqXXDmv2wJdsIwIGF.jpg,,"Animation, Comedy","Madhouse, Kadokawa Shoten, Bandai Visual",Japan,Japanese,"homophobia, eroticism, dark comedy, black humor, racism, sketch comedy, anime"
1032276,Fallo da Rigore,0.0,0,Released,2002-01-01,0,0,True,,0,,,it,Fallo da Rigore,,0.6,/gdN5K2JUCzMYWQqPux2JljwpnFQ.jpg,,,ShowTime Film (Italia),Italy,Italian,
169573,Tokiori: Creases of Time,0.0,0,Released,,0,110,False,,0,,tt2473214,en,Tokiori: Creases of Time,"Documentary about the inmigration of Japanese to Brazil happened from 1928 to 1934. Set in a small rural settlement, this emotional documentary follows the paths of families who forged a mixed identity between memories of Japan and a new life in Brazil.",0.6,,,,,,,
741651,Zombies from Sector 9,4.0,2,Released,2020-12-31,0,90,False,/dIKM5MZ6ZfYS0pZPyYrCkdXKcQn.jpg,0,,tt5948114,en,Zombies from Sector 9,"The story is about Bookwalker, once a useless bum, now turned zombie killer and raider hunter. The story is set in CrittersVille where there is a nuclear meltdown and the dead are coming back to life and you have raiders. roaming the lands.",1.519,/1BN8XnL0CfaHIg2VDAArVBMvS1P.jpg,The Only Good Zombie is a Dead Zombie!,"Horror, Science Fiction, Comedy",Terrorvisions Productions,Belgium,English,"underground, zombie"
1521286,Official*! Guide to How to Contact Kraken Support Number,0.0,0,Released,,0,0,False,,0,,,en,Official*! Guide to How to Contact Kraken Support Number,,0.0,,,,,,,
435206,Cityscapes,0.0,0,Released,2007-01-01,0,16,False,,0,,tt6709590,en,Cityscapes,"The perception of the city in the modern era is characterized by its fleeting and momentary nature. Social and architectural constructions are fragmented and dashing past. Cityscapes attempts to make archived recordings from the Austrian Film Museum legible along these lines. Single images are isolated from the cinematographic flow in order to scrutinize their inscribed cognitive potential. For Walter Benjamin, history disintegrates into images and not stories. Cityscapes is a search along the tracks of these images.",0.6,,,,,,,
774500,Corn for the Dough,0.0,0,Released,1956-01-01,0,7,False,,0,,,es,Maíz para las masas,,0.6,,,Animation,"United States Information Agency (USIA), Dibujos Animados, S.A.",Mexico,Spanish,
866084,Azz Izz Jazz,0.0,0,Released,1978-01-01,0,18,False,,0,,,en,Azz Izz Jazz,"Jacqueline Frazier’s Azz Izz Jazz showcases jazz legend Billie Harris who performs in studio with a quartet featuring Harris on soprano sax.  Among the songs performed is “I Want Some Water,” a composition that Harris, in voice-over, credits, as with all his songs, to his young children who were his inspiration.  In 1970, Harris, who died last year, founded the Venice, CA jazz club the Azz Izz which hosted such luminaries as Art Blakey, Horace Tapscott, Bobby Hutcherson and Billy Higgins.",0.6,,,,,,,
1017013,TESTAMENT,0.0,0,Released,2019-05-19,0,20,False,,0,https://www.cathayplay.com/testament,,zh,遗书,"Liu Ziying was imprisoned three years ago for drug trafficking. He performed well in prison and had a high cultural quality. He was arranged to write a suicide note to the death penalty inmates. Before he was released from prison, Xu Xiaolong, the death penalty prisoner, wanted Liu Ziying to write a suicide note to him and told him that if he helped him fulfil his will, he would give Liu Ziying a sum of money. After Liu Ziying was released from prison, he acquired money by helping the death penalty prisoners fulfil their will. After tasting the sweetness, he embarked on a road of self-redemption.",0.6,/6jwfyI8FOloFr1pzKKl5cubLZV5.jpg,,Drama,,,,
1215413,Satans Peitsche,0.0,0,Released,1920-01-01,0,0,False,,0,,tt4907824,de,Satans Peitsche,German silent film,0.6,,,Horror,Esha-Film,Germany,No Language,
1221099,Road Kill,0.0,0,In Production,2024-01-14,0,80,False,,0,,,en,Road Kill,"Two strangers find themselves trapped in a car on a fateful night. As secrets unravel and tension builds, the story leads to a chilling climax, leaving viewers on edge, questioning the fate of these individuals in a battle for survival.",1.555,/t49twtQDnGFtpiXDG2oyn628D8G.jpg,,"Horror, Thriller",,United Kingdom,English,"road trip, trapped in car, indie horror, car"
1414619,Teens Love Huge Cocks Vol. 72,0.0,0,Released,2024-12-31,0,194,True,,0,,,en,Teens Love Huge Cocks Vol. 72,Teens Love Huge Cocks Vol. 72,0.0,,,,Reality Kings,United States of America,,
721046,Cut Fodder,7.0,1,Released,2019-10-12,0,35,False,/1wfAftPoX6219fcM94CkYizvKJD.jpg,22440,https://veevoer.wixsite.com/home,tt10784332,nl,Veevoer,"Tells the story of Kim, Bas and Michael. Four underprivileged teens living in a disadvantaged neighborhood. They have to deal with aggression, emotional abuse or neglect by their parents on a daily basis. When they meet a new classmate: Daniël, from what seems to be a prosperous family, they take their chance to escape their downtrodden lives. Together with Daniël they decide to conduct his own kidnapping in order to get ransom money from his own father.",0.6,/2t6V37ZYT8RjgzfYjyGnGn57dyM.jpg,,Drama,Stray Baboon,Netherlands,Dutch,"kidnapping, neglect, poverty"
136421,Mods and Rockers,4.0,1,Released,1964-01-01,0,24,False,,0,,tt0319875,en,Mods and Rockers,"A short modern dance film which utilized the songs of John Lennon, Paul McCartney and George Harrison as performed by a band called the Cheynes (featuring Mick Fleetwood on drums). The short film was later folded into a full-length program alongside a pair of jukebox shorts, Swinging UK and UK Swings Again, retitled Go Go Big Beat for U.S. release.  The original promotional synopsis for the film describes it as follows: ""A symbolic ultra modern coffee bar sets the scene for a girl in gold lame jeans, bolero and bootees, to start moving to the pulsating rhythms beating out from a glittering juke box. As the music becomes progressively louder and more frantic, so the dancer increases the speed of her lithe movements to keep pace with the tempo. A boy starts to dance with this red-headed dynamo of a girl, but is repelled when she accepts the advances of a second boy. The two men vie for her attentions.""",0.984,,,Music,Kenneth Hume (International) Productions,United Kingdom,English,"dance, mods"
